{"epoch": 47, "test_loss": 0.0052669180234273276, "_timestamp": 1674330715.2163794, "_runtime": 55.979615449905396, "_step": 46, "parameters/linear.weight": {"_type": "histogram", "values": [3.0, 1.0, 1.0, 0.0, 1.0, 1.0, 4.0, 4.0, 13.0, 6.0, 6.0, 9.0, 21.0, 16.0, 19.0, 18.0, 26.0, 29.0, 37.0, 63.0, 48.0, 68.0, 82.0, 117.0, 129.0, 160.0, 251.0, 399.0, 709.0, 1276.0, 2485.0, 4478.0, 7468.0, 11975.0, 17971.0, 24297.0, 30465.0, 36343.0, 40432.0, 43069.0, 43317.0, 41594.0, 38236.0, 33480.0, 27261.0, 20594.0, 14416.0, 9309.0, 5539.0, 3147.0, 1663.0, 791.0, 414.0, 181.0, 115.0, 57.0, 32.0, 28.0, 16.0, 6.0, 2.0, 1.0, 0.0, 1.0], "bins": [-0.0746360570192337, -0.07277832180261612, -0.07092057913541794, -0.06906284391880035, -0.06720510870218277, -0.06534737348556519, -0.063489630818367, -0.06163189560174942, -0.059774160385131836, -0.05791642144322395, -0.05605868622660637, -0.054200947284698486, -0.0523432120680809, -0.05048547312617302, -0.04862773418426514, -0.04676999896764755, -0.04491226002573967, -0.04305452108383179, -0.0411967858672142, -0.03933904692530632, -0.037481311708688736, -0.03562357276678085, -0.03376583755016327, -0.031908098608255386, -0.030050361528992653, -0.02819262444972992, -0.026334887370467186, -0.024477150291204453, -0.02261941134929657, -0.020761676132678986, -0.018903937190771103, -0.01704620011150837, -0.015188466757535934, -0.013330729678273201, -0.011472992599010468, -0.00961525458842516, -0.007757517509162426, -0.0058997804298996925, -0.0040420424193143845, -0.002184305340051651, -0.00032656826078891754, 0.0015311690513044596, 0.0033889063633978367, 0.0052466439083218575, 0.007104380987584591, 0.008962118066847324, 0.010819856077432632, 0.012677593156695366, 0.0145353302359581, 0.016393067315220833, 0.018250804394483566, 0.02010854333639145, 0.021966278553009033, 0.023824017494916916, 0.02568175457417965, 0.027539491653442383, 0.029397228732705116, 0.03125496581196785, 0.03311270475387573, 0.03497043997049332, 0.0368281789124012, 0.038685914129018784, 0.040543653070926666, 0.04240138828754425, 0.04425912722945213]}, "parameters/linear.bias": {"_type": "histogram", "values": [1.0, 1.0, 2.0, 3.0, 1.0, 0.0, 0.0, 1.0, 1.0, 1.0, 2.0, 0.0, 1.0, 0.0, 0.0, 1.0, 2.0, 2.0, 1.0, 2.0, 3.0, 2.0, 3.0, 1.0, 1.0, 4.0, 4.0, 4.0, 5.0, 6.0, 4.0, 4.0, 13.0, 7.0, 8.0, 4.0, 1.0, 0.0, 0.0, 1.0, 0.0, 0.0, 0.0, 0.0, 0.0, 0.0, 0.0, 0.0, 0.0, 0.0, 0.0, 0.0, 0.0, 0.0, 0.0, 0.0, 1.0, 0.0, 0.0, 0.0, 0.0, 0.0, 0.0, 2.0], "bins": [-0.07889766246080399, -0.07432287186384201, -0.06974807381629944, -0.06517328321933746, -0.06059848517179489, -0.056023694574832916, -0.05144890025258064, -0.04687410593032837, -0.042299311608076096, -0.03772451728582382, -0.03314972296357155, -0.028574930503964424, -0.02400013618171215, -0.019425341859459877, -0.014850549399852753, -0.010275755077600479, -0.005700960755348206, -0.0011261668987572193, 0.003448626957833767, 0.008023420348763466, 0.01259821467101574, 0.017173008993268013, 0.021747801452875137, 0.02632259577512741, 0.030897390097379684, 0.03547218441963196, 0.04004697874188423, 0.044621773064136505, 0.04919656366109848, 0.05377136170864105, 0.05834615230560303, 0.062920942902565, 0.06749574840068817, 0.07207053899765015, 0.07664533704519272, 0.0812201276421547, 0.08579492568969727, 0.09036971628665924, 0.09494450688362122, 0.09951930493116379, 0.10409410297870636, 0.10866889357566833, 0.11324369162321091, 0.11781848222017288, 0.12239328026771545, 0.12696807086467743, 0.1315428614616394, 0.13611766695976257, 0.14069244265556335, 0.14526723325252533, 0.1498420238494873, 0.15441682934761047, 0.15899161994457245, 0.16356641054153442, 0.1681412011384964, 0.17271599173545837, 0.17729079723358154, 0.18186558783054352, 0.1864403784275055, 0.19101518392562866, 0.19558997452259064, 0.2001647651195526, 0.2047395557165146, 0.20931434631347656, 0.21388915181159973]}, "gradients/linear.bias": {"_type": "histogram", "values": [1.0, 0.0, 2.0, 0.0, 0.0, 1.0, 0.0, 1.0, 0.0, 0.0, 0.0, 1.0, 0.0, 2.0, 1.0, 1.0, 3.0, 3.0, 2.0, 4.0, 3.0, 2.0, 4.0, 2.0, 2.0, 4.0, 1.0, 5.0, 1.0, 2.0, 2.0, 2.0, 4.0, 2.0, 3.0, 1.0, 3.0, 2.0, 3.0, 3.0, 4.0, 2.0, 3.0, 4.0, 3.0, 2.0, 2.0, 1.0, 1.0, 0.0, 2.0, 0.0, 1.0, 0.0, 0.0, 1.0, 0.0, 0.0, 0.0, 0.0, 0.0, 0.0, 0.0, 1.0], "bins": [-0.0014054495841264725, -0.0013386924983933568, -0.0012719354126602411, -0.0012051782105118036, -0.001138421124778688, -0.0010716640390455723, -0.0010049068368971348, -0.0009381497511640191, -0.0008713926654309034, -0.0008046355796977878, -0.0007378784357570112, -0.0006711212918162346, -0.0006043642060831189, -0.0005376071203500032, -0.00047084997640922666, -0.0004040928615722805, -0.0003373357467353344, -0.00027057863189838827, -0.00020382151706144214, -0.000137064402224496, -7.030728738754988e-05, -3.5501725506037474e-06, 6.320694228634238e-05, 0.0001299640571232885, 0.00019672117196023464, 0.00026347828679718077, 0.0003302354016341269, 0.00039699251647107303, 0.00046374963130801916, 0.0005305067170411348, 0.0005972638609819114, 0.000664021004922688, 0.0007307780906558037, 0.0007975351763889194, 0.0008642923203296959, 0.0009310494642704725, 0.0009978065500035882, 0.0010645636357367039, 0.0011313208378851414, 0.001198077923618257, 0.0012648350093513727, 0.0013315920950844884, 0.001398349180817604, 0.0014651063829660416, 0.0015318634686991572, 0.001598620554432273, 0.0016653777565807104, 0.001732134842313826, 0.0017988919280469418, 0.0018656490137800574, 0.001932406099513173, 0.0019991633016616106, 0.0020659202709794044, 0.002132677473127842, 0.0021994346752762794, 0.0022661916445940733, 0.002332948846742511, 0.0023997060488909483, 0.002466463018208742, 0.0025332202203571796, 0.002599977422505617, 0.002666734391823411, 0.0027334915939718485, 0.0028002485632896423, 0.00286700576543808]}, "gradients/linear.weight": {"_type": "histogram", "values": [3.0, 5.0, 8.0, 10.0, 30.0, 41.0, 91.0, 102.0, 191.0, 317.0, 487.0, 725.0, 1052.0, 1590.0, 2183.0, 2972.0, 3953.0, 5221.0, 6633.0, 8292.0, 10108.0, 12203.0, 14467.0, 17062.0, 19390.0, 21350.0, 23418.0, 24667.0, 26082.0, 26610.0, 26877.0, 26318.0, 25283.0, 23511.0, 21714.0, 19877.0, 17429.0, 15073.0, 12863.0, 10485.0, 8479.0, 6627.0, 5297.0, 4027.0, 2934.0, 2121.0, 1524.0, 1003.0, 725.0, 484.0, 312.0, 205.0, 104.0, 76.0, 37.0, 25.0, 18.0, 3.0, 0.0, 3.0, 1.0, 1.0, 0.0, 1.0], "bins": [-0.0032849228009581566, -0.003179220948368311, -0.0030735190957784653, -0.0029678172431886196, -0.002862115390598774, -0.0027564135380089283, -0.0026507116854190826, -0.002545009832829237, -0.0024393079802393913, -0.0023336061276495457, -0.0022279042750597, -0.0021222024224698544, -0.0020165005698800087, -0.001910798717290163, -0.0018050968647003174, -0.0016993950121104717, -0.001593693275935948, -0.0014879914233461022, -0.0013822895707562566, -0.001276587718166411, -0.0011708858655765653, -0.0010651841294020414, -0.0009594822186045349, -0.0008537803660146892, -0.0007480785134248435, -0.0006423766608349979, -0.0005366748082451522, -0.00043097298475913703, -0.0003252711321692914, -0.00021956930868327618, -0.00011386745609343052, -8.165603503584862e-06, 9.75362490862608e-05, 0.00020323810167610645, 0.0003089399542659521, 0.0004146417777519673, 0.0005203436594456434, 0.0006260454538278282, 0.0007317473064176738, 0.0008374491590075195, 0.0009431510115973651, 0.0010488528059795499, 0.0011545546585693955, 0.0012602565111592412, 0.0013659583637490869, 0.0014716602163389325, 0.0015773620689287782, 0.0016830639215186238, 0.0017887657741084695, 0.0018944676266983151, 0.002000169362872839, 0.0021058712154626846, 0.0022115730680525303, 0.002317274920642376, 0.0024229767732322216, 0.0025286786258220673, 0.002634380478411913, 0.0027400823310017586, 0.0028457841835916042, 0.00295148603618145, 0.0030571878887712955, 0.003162889741361141, 0.003268591593950987, 0.0033742934465408325, 0.003479995299130678]}, "_wandb": {"runtime": 55}}