{"epoch": 100, "test_loss": 0.006334352652231852, "_timestamp": 1674330509.6085143, "_runtime": 224.70476126670837, "_step": 100, "parameters/linear.weight": {"_type": "histogram", "values": [1.0, 0.0, 0.0, 0.0, 3.0, 1.0, 2.0, 2.0, 2.0, 2.0, 4.0, 7.0, 12.0, 14.0, 11.0, 25.0, 31.0, 32.0, 32.0, 47.0, 62.0, 65.0, 86.0, 100.0, 118.0, 152.0, 187.0, 241.0, 253.0, 323.0, 346.0, 391.0, 376.0, 313.0, 213.0, 215.0, 172.0, 129.0, 121.0, 112.0, 78.0, 82.0, 49.0, 40.0, 29.0, 34.0, 27.0, 22.0, 13.0, 13.0, 6.0, 5.0, 8.0, 7.0, 4.0, 2.0, 0.0, 1.0, 1.0, 0.0, 1.0, 0.0, 1.0, 1.0], "bins": [-0.01519791316241026, -0.014713575132191181, -0.014229238033294678, -0.0137449000030756, -0.013260561972856522, -0.012776224873960018, -0.01229188684374094, -0.011807549744844437, -0.011323211714625359, -0.01083887368440628, -0.010354536585509777, -0.009870198555290699, -0.009385861456394196, -0.008901523426175117, -0.00841718539595604, -0.007932847365736961, -0.007448510266840458, -0.006964172702282667, -0.006479835137724876, -0.005995497107505798, -0.005511159542948008, -0.005026821978390217, -0.004542483948171139, -0.004058146383613348, -0.0035738088190555573, -0.0030894712544977665, -0.002605133457109332, -0.0021207956597208977, -0.001636458095163107, -0.0011521205306053162, -0.0006677827332168818, -0.00018344493582844734, 0.0003008916974067688, 0.0007852293783798814, 0.001269567059352994, 0.0017539047403261065, 0.002238242421299219, 0.00272257998585701, 0.0032069177832454443, 0.0036912555806338787, 0.0041755931451916695, 0.00465993070974946, 0.005144268274307251, 0.005628606304526329, 0.00611294386908412, 0.0065972814336419106, 0.007081619463860989, 0.007565957028418779, 0.00805029459297657, 0.008534632623195648, 0.009018969722092152, 0.00950330775231123, 0.009987644851207733, 0.010471982881426811, 0.01095632091164589, 0.011440658941864967, 0.01192499604076147, 0.012409334070980549, 0.012893671169877052, 0.01337800920009613, 0.013862347230315208, 0.014346684329211712, 0.01483102235943079, 0.015315359458327293, 0.01579969748854637]}, "parameters/linear.bias": {"_type": "histogram", "values": [0.0, 0.0, 0.0, 0.0, 0.0, 0.0, 0.0, 0.0, 0.0, 0.0, 0.0, 0.0, 0.0, 0.0, 0.0, 0.0, 0.0, 0.0, 0.0, 0.0, 0.0, 0.0, 0.0, 0.0, 0.0, 0.0, 0.0, 0.0, 0.0, 0.0, 0.0, 0.0, 1.0, 0.0, 0.0, 0.0, 0.0, 0.0, 0.0, 0.0, 0.0, 0.0, 0.0, 0.0, 0.0, 0.0, 0.0, 0.0, 0.0, 0.0, 0.0, 0.0, 0.0, 0.0, 0.0, 0.0, 0.0, 0.0, 0.0, 0.0, 0.0, 0.0, 0.0, 0.0], "bins": [-0.058341819792985916, -0.058341819792985916, -0.058341819792985916, -0.058341819792985916, -0.058341819792985916, -0.058341819792985916, -0.058341819792985916, -0.058341819792985916, -0.058341819792985916, -0.058341819792985916, -0.058341819792985916, -0.058341819792985916, -0.058341819792985916, -0.058341819792985916, -0.058341819792985916, -0.058341819792985916, -0.058341819792985916, -0.058341819792985916, -0.058341819792985916, -0.058341819792985916, -0.058341819792985916, -0.058341819792985916, -0.058341819792985916, -0.058341819792985916, -0.058341819792985916, -0.058341819792985916, -0.058341819792985916, -0.058341819792985916, -0.058341819792985916, -0.058341819792985916, -0.058341819792985916, -0.058341819792985916, -0.058341819792985916, -0.058341819792985916, -0.058341819792985916, -0.058341819792985916, -0.058341819792985916, -0.058341819792985916, -0.058341819792985916, -0.058341819792985916, -0.058341819792985916, -0.058341819792985916, -0.058341819792985916, -0.058341819792985916, -0.058341819792985916, -0.058341819792985916, -0.058341819792985916, -0.058341819792985916, -0.058341819792985916, -0.058341819792985916, -0.058341819792985916, -0.058341819792985916, -0.058341819792985916, -0.058341819792985916, -0.058341819792985916, -0.058341819792985916, -0.058341819792985916, -0.058341819792985916, -0.058341819792985916, -0.058341819792985916, -0.058341819792985916, -0.058341819792985916, -0.058341819792985916, -0.058341819792985916, -0.058341819792985916]}, "gradients/linear.bias": {"_type": "histogram", "values": [0.0, 0.0, 0.0, 0.0, 0.0, 0.0, 0.0, 0.0, 0.0, 0.0, 0.0, 0.0, 0.0, 0.0, 0.0, 0.0, 0.0, 0.0, 0.0, 0.0, 0.0, 0.0, 0.0, 0.0, 0.0, 0.0, 0.0, 0.0, 0.0, 0.0, 0.0, 0.0, 1.0, 0.0, 0.0, 0.0, 0.0, 0.0, 0.0, 0.0, 0.0, 0.0, 0.0, 0.0, 0.0, 0.0, 0.0, 0.0, 0.0, 0.0, 0.0, 0.0, 0.0, 0.0, 0.0, 0.0, 0.0, 0.0, 0.0, 0.0, 0.0, 0.0, 0.0, 0.0], "bins": [0.020428337156772614, 0.020428337156772614, 0.020428337156772614, 0.020428337156772614, 0.020428337156772614, 0.020428337156772614, 0.020428337156772614, 0.020428337156772614, 0.020428337156772614, 0.020428337156772614, 0.020428337156772614, 0.020428337156772614, 0.020428337156772614, 0.020428337156772614, 0.020428337156772614, 0.020428337156772614, 0.020428337156772614, 0.020428337156772614, 0.020428337156772614, 0.020428337156772614, 0.020428337156772614, 0.020428337156772614, 0.020428337156772614, 0.020428337156772614, 0.020428337156772614, 0.020428337156772614, 0.020428337156772614, 0.020428337156772614, 0.020428337156772614, 0.020428337156772614, 0.020428337156772614, 0.020428337156772614, 0.020428337156772614, 0.020428337156772614, 0.020428337156772614, 0.020428337156772614, 0.020428337156772614, 0.020428337156772614, 0.020428337156772614, 0.020428337156772614, 0.020428337156772614, 0.020428337156772614, 0.020428337156772614, 0.020428337156772614, 0.020428337156772614, 0.020428337156772614, 0.020428337156772614, 0.020428337156772614, 0.020428337156772614, 0.020428337156772614, 0.020428337156772614, 0.020428337156772614, 0.020428337156772614, 0.020428337156772614, 0.020428337156772614, 0.020428337156772614, 0.020428337156772614, 0.020428337156772614, 0.020428337156772614, 0.020428337156772614, 0.020428337156772614, 0.020428337156772614, 0.020428337156772614, 0.020428337156772614, 0.020428337156772614]}, "gradients/linear.weight": {"_type": "histogram", "values": [1.0, 1.0, 0.0, 1.0, 1.0, 1.0, 2.0, 0.0, 2.0, 1.0, 2.0, 5.0, 6.0, 11.0, 12.0, 17.0, 18.0, 16.0, 27.0, 21.0, 50.0, 56.0, 59.0, 54.0, 85.0, 85.0, 95.0, 111.0, 128.0, 159.0, 172.0, 158.0, 178.0, 179.0, 186.0, 227.0, 194.0, 210.0, 196.0, 178.0, 197.0, 225.0, 182.0, 149.0, 150.0, 135.0, 146.0, 115.0, 95.0, 52.0, 67.0, 53.0, 50.0, 28.0, 23.0, 23.0, 9.0, 11.0, 4.0, 2.0, 1.0, 0.0, 2.0, 3.0], "bins": [-0.016169283539056778, -0.015643781051039696, -0.015118278563022614, -0.014592775143682957, -0.014067272655665874, -0.013541770167648792, -0.013016266748309135, -0.012490764260292053, -0.011965261772274971, -0.011439759284257889, -0.010914256796240807, -0.01038875337690115, -0.009863250888884068, -0.009337748400866985, -0.008812244981527328, -0.008286742493510246, -0.007761240005493164, -0.007235737517476082, -0.006710234563797712, -0.006184731610119343, -0.005659229122102261, -0.005133726634085178, -0.004608223680406809, -0.004082720726728439, -0.003557218238711357, -0.0030317155178636312, -0.0025062127970159054, -0.0019807100761681795, -0.0014552073553204536, -0.0009297046344727278, -0.0004042019136250019, 0.00012130080722272396, 0.0006468035280704498, 0.0011723062489181757, 0.0016978089697659016, 0.0022233116906136274, 0.0027488144114613533, 0.003274317132309079, 0.003799819853156805, 0.0043253228068351746, 0.004850825294852257, 0.005376327782869339, 0.0059018307365477085, 0.006427333690226078, 0.00695283617824316, 0.0074783386662602425, 0.0080038420855999, 0.008529344573616982, 0.009054847061634064, 0.009580349549651146, 0.010105852037668228, 0.010631355457007885, 0.011156857945024967, 0.01168236043304205, 0.012207863852381706, 0.012733366340398788, 0.01325886882841587, 0.013784371316432953, 0.014309873804450035, 0.014835377223789692, 0.015360879711806774, 0.01588638313114643, 0.016411885619163513, 0.016937388107180595, 0.017462890595197678]}, "parameters/graph_1linear.weight": {"_type": "histogram",