{"epoch": 4, "test_loss": NaN, "_timestamp": 1674322701.10874, "_runtime": 23.83117914199829, "_step": 3, "_wandb": {"runtime": 23}}