{"epoch": 4, "test_loss": NaN, "_timestamp": 1674322855.4689455, "_runtime": 24.623205423355103, "_step": 3, "_wandb": {"runtime": 27}}